{"initial_reset_timestamp": 1593547637.167964, "timestamps": [1593547640.2489462], "episode_lengths": [300], "episode_rewards": [122.06890694673177], "episode_types": ["t", "t", "t"]}